,Seller Name,Seller type,BHK,Location,Total Price,price per sqft,Area_sqft,Construction status
0,Lalitha Construction and Developers,BUILDER,3 BHK Apartment,"Ameenpur, Hyderabad", 75.21 L,"4,900 ",1535 ,Under Construction
1,Eco Green Builders,BUILDER,3 BHK Apartment,"Gundlapochampally, Hyderabad", 65.98 L,"4,200 ",1571 ,Under Construction
2,Sunder Homes,BUILDER,3 BHK Apartment,"Kompally, Hyderabad", 2.09 Cr,"5,500 ",3810 ,Under Construction
3,Nest Makers,BUILDER,3 BHK Villa,"Harshaguda, Hyderabad", 3.31 Cr,"8,275 ",4000 ,Under Construction
4,GHR Infra,BUILDER,3 BHK Apartment,"Kollur, Hyderabad", 94.94 L,"5,349 ",1775 ,Under Construction
5,Dinesh Projects,BUILDER,2 BHK Apartment,"Bachupally, Hyderabad", 56.49 L,"4,803 ",1177 ,Under Construction
6,Namishree Infrastructure And Project Pvt Ltd,BUILDER,3 BHK Apartment,"Saidabad, Hyderabad", 1.08 Cr,"6,000 ",1800 ,Under Construction
7,Vazhraa Nirmaan Pvt Ltd,BUILDER,3 BHK Apartment,"Nizampet, Hyderabad", 1.19 Cr,"6,500 ",1835 ,Under Construction
8,Ira Reality,BUILDER,2 BHK Apartment,"Kollur, Hyderabad", 64.72 L,"4,998 ",1295 ,Under Construction
9,Sukhii Group,BUILDER,3 BHK Apartment,"Nanakramguda, Hyderabad", 1.44 Cr,"7,599 ",1905 ,Under Construction
10,Merlion Builders,BUILDER,3 BHK Apartment,"Nizampet, Hyderabad", 86.81 L,"5,600 ",1551 ,Under Construction
11,Hallmark Builders,BUILDER,3 BHK Apartment,"Patighanpur, Hyderabad", 1.03 Cr,"5,501 ",1885 ,Under Construction
12,G square Housing,BUILDER,Residential Plot,"BN Reddy nagar, Hyderabad", 2.52 Cr,"8,009 ",3150 ,New
13,My Home Constructions Pvt Ltd,BUILDER,2 BHK Apartment,"Tellapur, Hyderabad", 1.2 Cr,"8,856 ",1355 ,Under Construction
14,Shree Vasavi Developers,BUILDER,3 BHK Apartment,"Attapur, Hyderabad", 1.38 Cr,"6,899 ",2005 ,Under Construction
15,Vajra Builders And Developers,BUILDER,4 BHK Villa,"Bachupally, Hyderabad", 1.61 Cr,"7,000 ",2300 ,Ready to move
16,Vasavi Group,BUILDER,3 BHK Apartment,"Kukatpally, Hyderabad", 1.82 Cr,"8,000 ",2285 ,Ready to move
17,Riddhi Group,BUILDER,3 BHK Apartment,"Jeedimetla, Hyderabad", 1.06 Cr,"5,800 ",1840 ,Under Construction
18,Theme Ambience Infrastructures,BUILDER,3 BHK Apartment,"Attapur, Hyderabad", 1.42 Cr,"6,800 ",2090 ,Under Construction
19,Signature Avenues,BUILDER,3 BHK Apartment,"Kollur, Hyderabad", 94.98 L,"4,999 ",1900 ,Under Construction
20,Srija Infra Developers Hyderabad,BUILDER,2 BHK Apartment,"Dammaiguda, Hyderabad", 50.01 L,"4,800 ",1042 ,Under Construction
21,Cyber City Oriana,BUILDER,3 BHK Apartment,"Kukatpally, Hyderabad", 2.2 Cr,"9,909 ",2220 ,Under Construction
22,Primark Projects Pvt Ltd,BUILDER,3 BHK Apartment,"Kompally, Hyderabad", 97.97 L,"4,699 ",2085 ,Under Construction
23,Om Sree Builders And Developers,BUILDER,3 BHK Apartment,"Sainikpuri, Hyderabad", 1.34 Cr,"6,100 ",2200 ,Under Construction
24,GSR Group,BUILDER,3 BHK Apartment,"Kollur, Hyderabad", 82.22 L,"3,499 ",2350 ,Under Construction
25,EAPL Group,BUILDER,3 BHK Apartment,"Mallapur, Hyderabad", 1.09 Cr,"4,999 ",2187 ,Under Construction
26,Lalitha Construction and Developers,BUILDER,3 BHK Apartment,"Ameenpur, Hyderabad", 71.05 L,"4,900 ",1450 ,Under Construction
27,Eco Green Builders,BUILDER,3 BHK Apartment,"Gundlapochampally, Hyderabad", 57.87 L,"4,200 ",1378 ,Under Construction
28,Sunder Homes,BUILDER,3 BHK Apartment,"Kompally, Hyderabad", 2.09 Cr,"5,500 ",3810 ,Under Construction
29,Nest Makers,BUILDER,5 BHK Villa,"Harshaguda, Hyderabad", 5.82 Cr,"9,700 ",6000 ,Under Construction
30,GHR Infra,BUILDER,3 BHK Apartment,"Kollur, Hyderabad", 94.94 L,"5,349 ",1775 ,Under Construction
31,Dinesh Projects,BUILDER,2 BHK Apartment,"Bachupally, Hyderabad", 56.49 L,"4,803 ",1177 ,Under Construction
32,Namishree Infrastructure And Project Pvt Ltd,BUILDER,3 BHK Apartment,"Saidabad, Hyderabad", 78.3 L,"6,000 ",1305 ,Under Construction
33,Vazhraa Nirmaan Pvt Ltd,BUILDER,3 BHK Apartment,"Nizampet, Hyderabad", 1.19 Cr,"6,500 ",1835 ,Under Construction
34,Ira Reality,BUILDER,2 BHK Apartment,"Kollur, Hyderabad", 64.72 L,"4,998 ",1295 ,Under Construction
35,Sukhii Group,BUILDER,3 BHK Apartment,"Nanakramguda, Hyderabad", 1.44 Cr,"7,599 ",1905 ,Under Construction
36,Merlion Builders,BUILDER,3 BHK Apartment,"Nizampet, Hyderabad", 1.03 Cr,"5,600 ",1854 ,Under Construction
37,Hallmark Builders,BUILDER,2 BHK Apartment,"Patighanpur, Hyderabad", 70.66 L,"5,499 ",1285 ,Under Construction
38,G square Housing,BUILDER,Residential Plot,"BN Reddy nagar, Hyderabad", 1.72 Cr,"8,009 ",2160 ,New
39,My Home Constructions Pvt Ltd,BUILDER,3 BHK Apartment,"Tellapur, Hyderabad", 1.5 Cr,"7,788 ",1926 ,Under Construction
40,Shree Vasavi Developers,BUILDER,3 BHK Apartment,"Attapur, Hyderabad", 1.2 Cr,"6,899 ",1745 ,Under Construction
41,Vajra Builders And Developers,BUILDER,3 BHK Apartment,"Bowrampet, Hyderabad", 64.47 L,"4,200 ",1535 ,Under Construction
42,Vasavi Group,BUILDER,3 BHK Apartment,"Kukatpally, Hyderabad", 1.82 Cr,"8,000 ",2285 ,Ready to move
43,Riddhi Group,BUILDER,3 BHK Apartment,"Jeedimetla, Hyderabad", 87.58 L,"5,800 ",1510 ,Under Construction
44,Theme Ambience Infrastructures,BUILDER,4 BHK Apartment,"Attapur, Hyderabad", 1.8 Cr,"6,800 ",2655 ,Under Construction
45,Signature Avenues,BUILDER,3 BHK Apartment,"Kollur, Hyderabad", 1.21 Cr,"4,999 ",2425 ,Under Construction
46,Srija Infra Developers Hyderabad,BUILDER,2 BHK Apartment,"Dammaiguda, Hyderabad", 54.67 L,"4,800 ",1139 ,Under Construction
47,Cyber City Oriana,BUILDER,2 BHK Apartment,"Kukatpally, Hyderabad", 1.35 Cr,"9,310 ",1450 ,Under Construction
48,Primark Projects Pvt Ltd,BUILDER,3 BHK Apartment,"Kompally, Hyderabad", 71.18 L,"4,699 ",1515 ,Under Construction
49,Om Sree Builders And Developers,BUILDER,3 BHK Apartment,"Sainikpuri, Hyderabad", 1.33 Cr,"6,100 ",2195 ,Under Construction
50,GSR Group,BUILDER,3 BHK Apartment,"Kollur, Hyderabad", 69.98 L,"3,499 ",2000 ,Under Construction
51,EAPL Group,BUILDER,3 BHK Apartment,"Mallapur, Hyderabad", 1.09 Cr,"4,999 ",2187 ,Under Construction
52,Lalitha Construction and Developers,BUILDER,2 BHK Apartment,"Ameenpur, Hyderabad", 54.14 L,"4,900 ",1105 ,Under Construction
53,Eco Green Builders,BUILDER,2 BHK Apartment,"Gundlapochampally, Hyderabad", 46.87 L,"4,200 ",1116 ,Under Construction
54,Sunder Homes,BUILDER,3 BHK Apartment,"Kompally, Hyderabad", 1.18 Cr,"5,500 ",2160 ,Under Construction
55,Nest Makers,BUILDER,5 BHK Villa,"Harshaguda, Hyderabad", 9.3 Cr,"10,334 ",9000 ,Under Construction
56,GHR Infra,BUILDER,2 BHK Apartment,"Kollur, Hyderabad", 69.26 L,"5,349 ",1295 ,Under Construction
57,Dinesh Projects,BUILDER,2 BHK Apartment,"Bachupally, Hyderabad", 49.86 L,"4,804 ",1039 ,Under Construction
58,Namishree Infrastructure And Project Pvt Ltd,BUILDER,3 BHK Apartment,"Saidabad, Hyderabad", 1.02 Cr,"6,000 ",1705 ,Under Construction
59,Vazhraa Nirmaan Pvt Ltd,BUILDER,3 BHK Apartment,"Nizampet, Hyderabad", 1.21 Cr,"6,500 ",1870 ,Under Construction
60,Ira Reality,BUILDER,3 BHK Apartment,"Kollur, Hyderabad", 79.71 L,"4,998 ",1595 ,Under Construction
61,Sukhii Group,BUILDER,3 BHK Apartment,"Nanakramguda, Hyderabad", 1.29 Cr,"7,599 ",1710 ,Under Construction
62,Merlion Builders,BUILDER,3 BHK Apartment,"Nizampet, Hyderabad", 97.7 L,"5,599 ",1745 ,Under Construction
63,Hallmark Builders,BUILDER,3 BHK Apartment,"Patighanpur, Hyderabad", 1.03 Cr,"5,501 ",1885 ,Under Construction
64,G square Housing,BUILDER,Residential Plot,"BN Reddy nagar, Hyderabad", 1.92 Cr,"8,009 ",2400 ,New
65,My Home Constructions Pvt Ltd,BUILDER,2 BHK Apartment,"Tellapur, Hyderabad", 1.3 Cr,"8,264 ",1573 ,Under Construction
66,Shree Vasavi Developers,BUILDER,3 BHK Apartment,"Attapur, Hyderabad", 1.68 Cr,"6,899 ",2440 ,Under Construction
67,Vajra Builders And Developers,BUILDER,2 BHK Apartment,"Bowrampet, Hyderabad", 53.55 L,"4,200 ",1275 ,Under Construction
68,Vasavi Group,BUILDER,3 BHK Apartment,"Kukatpally, Hyderabad", 2.26 Cr,"8,000 ",2830 ,Ready to move
69,Riddhi Group,BUILDER,3 BHK Apartment,"Jeedimetla, Hyderabad", 1.14 Cr,"5,800 ",1975 ,Under Construction
70,Theme Ambience Infrastructures,BUILDER,3 BHK Apartment,"Attapur, Hyderabad", 1.47 Cr,"6,800 ",2170 ,Under Construction
71,Signature Avenues,BUILDER,2 BHK Apartment,"Kollur, Hyderabad", 69.23 L,"4,999 ",1385 ,Under Construction
72,Srija Infra Developers Hyderabad,BUILDER,2 BHK Apartment,"Dammaiguda, Hyderabad", 53.8 L,"4,800 ",1121 ,Under Construction
73,Cyber City Oriana,BUILDER,3 BHK Apartment,"Kukatpally, Hyderabad", 1.6 Cr,"10,322 ",1550 ,Under Construction
74,Primark Projects Pvt Ltd,BUILDER,2 BHK Apartment,"Kompally, Hyderabad", 57.56 L,"4,699 ",1225 ,Under Construction
75,Om Sree Builders And Developers,BUILDER,3 BHK Apartment,"Sainikpuri, Hyderabad", 1.29 Cr,"6,100 ",2130 ,Under Construction
76,GSR Group,BUILDER,2 BHK Apartment,"Kollur, Hyderabad", 44.61 L,"3,499 ",1275 ,Under Construction
77,EAPL Group,BUILDER,2 BHK Apartment,"Mallapur, Hyderabad", 50.83 L,"5,003 ",1017 ,Under Construction
78,Alekya Infraa Developers,AGENT,Residential Plot,"Sadashivpet, Hyderabad", 39.76 L,"1,444 ",2754 ,New
79,Maaruthi Group,AGENT,3 BHK Villa,"Bachupally, Hyderabad", 1.68 Cr,"7,067 ",2377 ,Under Construction
80,seller,VERIFIED OWNER,2 BHK Apartment,"Shamirpet, Hyderabad", 31 L,"2,583 ",1200 ,Under Construction
81,seller,VERIFIED OWNER,2 BHK Apartment,"Nagole, Hyderabad", 50 L,"4,545 ",1100 ,Ready to move
82,seller,VERIFIED OWNER,2 BHK Apartment,"Pragathi Nagar Kukatpally, Hyderabad", 58 L,"4,715 ",1230 ,Ready to move
83,seller,VERIFIED OWNER,1 BHK Apartment,"Nanakramguda, Hyderabad", 99 L,"7,081 ",1398 ,Ready to move
84,seller,VERIFIED OWNER,10 BHK Independent House,"Meerpet, Hyderabad", 3.5 Cr,"5,717 ",6122 ,Ready to move
85,seller,VERIFIED OWNER,3 BHK Independent House,"Bahadurpura, Hyderabad", 85 L,"8,664 ",981 ,Ready to move
86,seller,VERIFIED OWNER,2 BHK Apartment,"LB Nagar, Hyderabad", 49 L,"4,900 ",1000 ,Ready to move
87,seller,VERIFIED OWNER,2 BHK Apartment,"Bachupally, Hyderabad", 59.69 L,"5,200 ",1148 ,Under Construction
88,seller,VERIFIED OWNER,4 BHK Apartment,"Upparpally, Hyderabad", 90 L,"4,500 ",2000 ,Under Construction
89,seller,VERIFIED OWNER,3 BHK Apartment,"Gajulramaram Kukatpally, Hyderabad", 84 L,"5,250 ",1600 ,Ready to move
90,seller,VERIFIED OWNER,2 BHK Apartment,"Boduppal, Hyderabad", 60 L,"5,240 ",1145 ,Ready to move
91,seller,VERIFIED OWNER,2 BHK Apartment,"Hafeezpet, Hyderabad", 69.54 L,"5,700 ",1220 ,Under Construction
92,seller,VERIFIED OWNER,3 BHK Independent House,"Aminpur, Hyderabad", 1.45 Cr,"6,041 ",2400 ,Under Construction
93,seller,VERIFIED OWNER,3 BHK Apartment,"Narapally, Hyderabad", 48.5 L,"4,008 ",1210 ,Under Construction
94,seller,VERIFIED OWNER,4 BHK Villa,"Tukkuguda, Hyderabad", 1.69 Cr,"6,500 ",2600 ,Under Construction
95,seller,VERIFIED OWNER,4 BHK Villa,"Mokila, Hyderabad", 2.1 Cr,"5,570 ",3770 ,Under Construction
96,seller,VERIFIED OWNER,2 BHK Apartment,"Medchal, Hyderabad", 45 L,"3,237 ",1390 ,Under Construction
97,seller,VERIFIED OWNER,2 BHK Apartment,"Bachupally, Hyderabad", 46.55 L,"3,800 ",1225 ,Under Construction
98,seller,VERIFIED OWNER,3 BHK Villa,"Ibrahimpatnam, Hyderabad", 64.5 L,"3,794 ",1700 ,Under Construction
99,seller,VERIFIED OWNER,2 BHK Apartment,"Narsingi, Hyderabad", 66 L,"5,500 ",1200 ,Under Construction
100,Lalitha Construction and Developers,BUILDER,2 BHK Apartment,"Ameenpur, Hyderabad", 58.8 L,"4,900 ",1200 ,Under Construction
101,Eco Green Builders,BUILDER,3 BHK Apartment,"Gundlapochampally, Hyderabad", 62.41 L,"4,200 ",1486 ,Under Construction
102,Eco Green Builders,BUILDER,3 BHK Apartment,"Gundlapochampally, Hyderabad", 66.94 L,"4,200 ",1594 ,Under Construction
103,Sunder Homes,BUILDER,3 BHK Apartment,"Kompally, Hyderabad", 1.18 Cr,"5,500 ",2160 ,Under Construction
104,Sunder Homes,BUILDER,3 BHK Apartment,"Kompally, Hyderabad", 2.09 Cr,"5,500 ",3810 ,Under Construction
105,Sunder Homes,BUILDER,3 BHK Apartment,"Kompally, Hyderabad", 2.09 Cr,"5,500 ",3810 ,Under Construction
106,Sunder Homes,BUILDER,3 BHK Apartment,"Kompally, Hyderabad", 1.18 Cr,"5,500 ",2160 ,Under Construction
107,Sunder Homes,BUILDER,3 BHK Apartment,"Kompally, Hyderabad", 1.18 Cr,"5,500 ",2160 ,Under Construction
108,Sunder Homes,BUILDER,3 BHK Apartment,"Kompally, Hyderabad", 1.29 Cr,"5,500 ",2360 ,Under Construction
109,Sunder Homes,BUILDER,3 BHK Apartment,"Kompally, Hyderabad", 1.29 Cr,"5,500 ",2360 ,Under Construction
110,Sunder Homes,BUILDER,3 BHK Apartment,"Kompally, Hyderabad", 1.78 Cr,"5,500 ",3240 ,Under Construction
111,Sunder Homes,BUILDER,3 BHK Apartment,"Kompally, Hyderabad", 1.78 Cr,"5,500 ",3240 ,Under Construction
112,Sunder Homes,BUILDER,3 BHK Apartment,"Kompally, Hyderabad", 1.57 Cr,"5,500 ",2860 ,Under Construction
113,Sunder Homes,BUILDER,3 BHK Apartment,"Kompally, Hyderabad", 1.57 Cr,"5,500 ",2860 ,Under Construction
114,Nest Makers,BUILDER,5 BHK Villa,"Harshaguda, Hyderabad", 7.07 Cr,"10,114 ",7000 ,Under Construction
115,Nest Makers,BUILDER,4 BHK Villa,"Harshaguda, Hyderabad", 4.95 Cr,"9,429 ",5250 ,Under Construction
116,GHR Infra,BUILDER,2 BHK Apartment,"Kollur, Hyderabad", 69.26 L,"5,349 ",1295 ,Under Construction
117,GHR Infra,BUILDER,2 BHK Apartment,"Kollur, Hyderabad", 63.92 L,"5,349 ",1195 ,Under Construction
118,GHR Infra,BUILDER,2 BHK Apartment,"Kollur, Hyderabad", 63.92 L,"5,349 ",1195 ,Under Construction
119,GHR Infra,BUILDER,3 BHK Apartment,"Kollur, Hyderabad", 1.02 Cr,"5,349 ",1915 ,Under Construction
120,GHR Infra,BUILDER,3 BHK Apartment,"Kollur, Hyderabad", 1.02 Cr,"5,349 ",1915 ,Under Construction
121,GHR Infra,BUILDER,3 BHK Apartment,"Kollur, Hyderabad", 86.92 L,"5,349 ",1625 ,Under Construction
122,GHR Infra,BUILDER,3 BHK Apartment,"Kollur, Hyderabad", 86.92 L,"5,349 ",1625 ,Under Construction
123,GHR Infra,BUILDER,3 BHK Apartment,"Kollur, Hyderabad", 76.49 L,"5,349 ",1430 ,Under Construction
124,GHR Infra,BUILDER,3 BHK Apartment,"Kollur, Hyderabad", 76.49 L,"5,349 ",1430 ,Under Construction
125,Dinesh Projects,BUILDER,2 BHK Apartment,"Bachupally, Hyderabad", 49.86 L,"4,804 ",1039 ,Under Construction
126,Dinesh Projects,BUILDER,3 BHK Apartment,"Bachupally, Hyderabad", 87.35 L,"4,802 ",1820 ,Under Construction
127,Dinesh Projects,BUILDER,3 BHK Apartment,"Bachupally, Hyderabad", 87.35 L,"4,802 ",1820 ,Under Construction
128,Dinesh Projects,BUILDER,3 BHK Apartment,"Bachupally, Hyderabad", 59.13 L,"4,803 ",1232 ,Under Construction
129,Dinesh Projects,BUILDER,3 BHK Apartment,"Bachupally, Hyderabad", 59.13 L,"4,803 ",1232 ,Under Construction
130,Namishree Infrastructure And Project Pvt Ltd,BUILDER,3 BHK Apartment,"Saidabad, Hyderabad", 96.72 L,"6,000 ",1612 ,Under Construction
131,Namishree Infrastructure And Project Pvt Ltd,BUILDER,2 BHK Apartment,"Saidabad, Hyderabad", 77.1 L,"6,000 ",1285 ,Under Construction
132,Namishree Infrastructure And Project Pvt Ltd,BUILDER,2 BHK Apartment,"Saidabad, Hyderabad", 63 L,"6,000 ",1050 ,Under Construction
133,Namishree Infrastructure And Project Pvt Ltd,BUILDER,3 BHK Apartment,"Saidabad, Hyderabad", 83.82 L,"6,000 ",1397 ,Under Construction
134,Namishree Infrastructure And Project Pvt Ltd,BUILDER,3 BHK Apartment,"Saidabad, Hyderabad", 83.7 L,"6,000 ",1395 ,Under Construction
135,Vazhraa Nirmaan Pvt Ltd,BUILDER,3 BHK Apartment,"Nizampet, Hyderabad", 1.21 Cr,"6,500 ",1870 ,Under Construction
136,Vazhraa Nirmaan Pvt Ltd,BUILDER,3 BHK Apartment,"Nizampet, Hyderabad", 1.11 Cr,"6,500 ",1710 ,Under Construction
137,Vazhraa Nirmaan Pvt Ltd,BUILDER,3 BHK Apartment,"Nizampet, Hyderabad", 1.11 Cr,"6,500 ",1710 ,Under Construction
138,Vazhraa Nirmaan Pvt Ltd,BUILDER,2 BHK Apartment,"Nizampet, Hyderabad", 88.4 L,"6,500 ",1360 ,Under Construction
139,Vazhraa Nirmaan Pvt Ltd,BUILDER,2 BHK Apartment,"Nizampet, Hyderabad", 88.4 L,"6,500 ",1360 ,Under Construction
140,Vazhraa Nirmaan Pvt Ltd,BUILDER,3 BHK Apartment,"Nizampet, Hyderabad", 1.18 Cr,"6,500 ",1820 ,Under Construction
141,Vazhraa Nirmaan Pvt Ltd,BUILDER,3 BHK Apartment,"Nizampet, Hyderabad", 1.18 Cr,"6,500 ",1820 ,Under Construction
142,Vazhraa Nirmaan Pvt Ltd,BUILDER,2 BHK Apartment,"Nizampet, Hyderabad", 81.57 L,"6,500 ",1255 ,Under Construction
143,Vazhraa Nirmaan Pvt Ltd,BUILDER,2 BHK Apartment,"Nizampet, Hyderabad", 81.57 L,"6,500 ",1255 ,Under Construction
144,Vazhraa Nirmaan Pvt Ltd,BUILDER,2 BHK Apartment,"Nizampet, Hyderabad", 82.55 L,"6,500 ",1270 ,Under Construction
145,Vazhraa Nirmaan Pvt Ltd,BUILDER,2 BHK Apartment,"Nizampet, Hyderabad", 82.55 L,"6,500 ",1270 ,Under Construction
146,Ira Reality,BUILDER,2 BHK Apartment,"Kollur, Hyderabad", 55.23 L,"4,999 ",1105 ,Under Construction
147,Ira Reality,BUILDER,2 BHK Apartment,"Kollur, Hyderabad", 55.23 L,"4,999 ",1105 ,Under Construction
148,Sukhii Group,BUILDER,3 BHK Apartment,"Nanakramguda, Hyderabad", 1.29 Cr,"7,599 ",1710 ,Under Construction
149,Sukhii Group,BUILDER,2 BHK Apartment,"Nanakramguda, Hyderabad", 99.92 L,"7,599 ",1315 ,Under Construction
150,Sukhii Group,BUILDER,2 BHK Apartment,"Nanakramguda, Hyderabad", 99.92 L,"7,599 ",1315 ,Under Construction
151,Sukhii Group,BUILDER,4 BHK Apartment,"Nanakramguda, Hyderabad", 1.69 Cr,"7,599 ",2230 ,Under Construction
152,Sukhii Group,BUILDER,4 BHK Apartment,"Nanakramguda, Hyderabad", 1.69 Cr,"7,599 ",2230 ,Under Construction
153,Sukhii Group,BUILDER,3 BHK Apartment,"Nanakramguda, Hyderabad", 1.13 Cr,"7,599 ",1500 ,Under Construction
154,Sukhii Group,BUILDER,3 BHK Apartment,"Nanakramguda, Hyderabad", 1.13 Cr,"7,599 ",1500 ,Under Construction
155,Ira Reality,BUILDER,3 BHK Apartment,"Kollur, Hyderabad", 79.71 L,"4,998 ",1595 ,Under Construction
156,Ira Reality,BUILDER,3 BHK Apartment,"Kollur, Hyderabad", 1.09 Cr,"4,998 ",2195 ,Under Construction
157,Ira Reality,BUILDER,3 BHK Apartment,"Kollur, Hyderabad", 1.09 Cr,"4,998 ",2195 ,Under Construction
158,Ira Reality,BUILDER,3 BHK Apartment,"Kollur, Hyderabad", 74.72 L,"4,998 ",1495 ,Under Construction
159,Ira Reality,BUILDER,3 BHK Apartment,"Kollur, Hyderabad", 74.72 L,"4,998 ",1495 ,Under Construction
160,Ira Reality,BUILDER,3 BHK Apartment,"Kollur, Hyderabad", 94.71 L,"4,998 ",1895 ,Under Construction
161,Ira Reality,BUILDER,3 BHK Apartment,"Kollur, Hyderabad", 94.71 L,"4,998 ",1895 ,Under Construction
162,Merlion Builders,BUILDER,3 BHK Apartment,"Nizampet, Hyderabad", 90.7 L,"5,599 ",1620 ,Under Construction
163,Merlion Builders,BUILDER,2 BHK Apartment,"Nizampet, Hyderabad", 71.41 L,"5,600 ",1275 ,Under Construction
164,Merlion Builders,BUILDER,3 BHK Apartment,"Nizampet, Hyderabad", 1.03 Cr,"5,599 ",1853 ,Under Construction
165,Alekya Infraa Developers,AGENT,Residential Plot,"Sadashivpet, Hyderabad", 26.25 L,"1,444 ",1818 ,New
166,Alekya Infraa Developers,AGENT,Residential Plot,"Sadashivpet, Hyderabad", 24.04 L,"1,444 ",1665 ,New
167,Alekya Infraa Developers,AGENT,Residential Plot,"Kothur Patti Digwal, Hyderabad", 20 L,"1,346 ",1485 ,New
168,Alekya Infraa Developers,AGENT,Residential Plot,"Kothur Patti Digwal, Hyderabad", 34 L,"2,289 ",1485 ,New
169,Hallmark Builders,BUILDER,2 BHK Apartment,"Patighanpur, Hyderabad", 70.66 L,"5,499 ",1285 ,Under Construction
170,Hallmark Builders,BUILDER,3 BHK Apartment,"Patighanpur, Hyderabad", 87.15 L,"5,499 ",1585 ,Under Construction
171,Hallmark Builders,BUILDER,3 BHK Apartment,"Patighanpur, Hyderabad", 87.15 L,"5,499 ",1585 ,Under Construction
172,Hallmark Builders,BUILDER,3 BHK Apartment,"Patighanpur, Hyderabad", 93.48 L,"5,499 ",1700 ,Under Construction
173,Hallmark Builders,BUILDER,3 BHK Apartment,"Patighanpur, Hyderabad", 93.48 L,"5,499 ",1700 ,Under Construction
174,Alekya Infraa Developers,AGENT,Residential Plot,"Aroor, Hyderabad", 29.6 L,"1,777 ",1665 ,New
175,Alekya Infraa Developers,AGENT,Residential Plot,"Nallagandla Gachibowli, Hyderabad", 27.2 L,"1,777 ",1530 ,New
176,Alekya Infraa Developers,AGENT,Residential Plot,"Sadashivpet, Hyderabad", 48.75 L,"1,444 ",3375 ,New
177,Alekya Infraa Developers,AGENT,Residential Plot,"Sadashivpet, Hyderabad", 23.4 L,"1,444 ",1620 ,New
178,Alekya Infraa Developers,AGENT,Residential Plot,"Sadashivpet, Hyderabad", 22.1 L,"1,444 ",1530 ,New
179,Alekya Infraa Developers,AGENT,Residential Plot,"Sadashivpet, Hyderabad", 21.19 L,"1,444 ",1467 ,New
180,Alekya Infraa Developers,AGENT,Residential Plot,"Aroor, Hyderabad", 64 L,"1,777 ",3600 ,New
181,Alekya Infraa Developers,AGENT,Residential Plot,"Sadashivpet, Hyderabad", 32.5 L,"1,444 ",2250 ,New
182,Alekya Infraa Developers,AGENT,Residential Plot,"Sangareddy, Hyderabad", 75 L,"2,777 ",2700 ,New
183,Alekya Infraa Developers,AGENT,Residential Plot,"Sangareddy, Hyderabad", 62.5 L,"2,777 ",2250 ,New
184,Alekya Infraa Developers,AGENT,Residential Plot,"Sangareddy, Hyderabad", 56.25 L,"2,777 ",2025 ,New
185,Alekya Infraa Developers,AGENT,Residential Plot,"Sangareddy, Hyderabad", 50 L,"2,777 ",1800 ,New
186,Alekya Infraa Developers,AGENT,Residential Plot,"Sangareddy, Hyderabad", 42.5 L,"2,777 ",1530 ,New
187,Alekya Infraa Developers,AGENT,Residential Plot,"Sangareddy, Hyderabad", 41.25 L,"2,777 ",1485 ,New
188,Alekya Infraa Developers,AGENT,Residential Plot,"Bogaram, Hyderabad", 50 L,"2,777 ",1800 ,New
189,Alekya Infraa Developers,AGENT,Residential Plot,"Aroor, Hyderabad", 26.08 L,"1,777 ",1467 ,New
190,Alekya Infraa Developers,AGENT,Residential Plot,"Aroor, Hyderabad", 60 L,"1,904 ",3150 ,New
191,Alekya Infraa Developers,AGENT,Residential Plot,"Aroor, Hyderabad", 56 L,"1,777 ",3150 ,New
192,Alekya Infraa Developers,AGENT,Residential Plot,"Aroor, Hyderabad", 52 L,"1,777 ",2925 ,New
193,Alekya Infraa Developers,AGENT,Residential Plot,"Aroor, Hyderabad", 40 L,"1,777 ",2250 ,New
194,Alekya Infraa Developers,AGENT,Residential Plot,"Sadashivpet, Hyderabad", 29.25 L,"1,444 ",2025 ,New
195,Alekya Infraa Developers,AGENT,Residential Plot,"Sadashivpet, Hyderabad", 26 L,"1,444 ",1800 ,New
196,Alekya Infraa Developers,AGENT,Residential Plot,"Aroor, Hyderabad", 28 L,"1,777 ",1575 ,New
197,Alekya Infraa Developers,AGENT,Residential Plot,"Sadashivpet, Hyderabad", 39 L,"1,444 ",2700 ,New
198,Alekya Infraa Developers,AGENT,Residential Plot,"Sadashivpet, Hyderabad", 42.25 L,"1,444 ",2925 ,New
199,My Home Constructions Pvt Ltd,BUILDER,3 BHK Apartment,"Tellapur, Hyderabad", 1.7 Cr,"7,515 ",2262 ,Under Construction
200,Maaruthi Group,AGENT,2 BHK Apartment,"Miyapur, Hyderabad", 69 L,"5,655 ",1220 ,Ready to move
201,Alekya Infraa Developers,AGENT,Residential Plot,"Sadashivpet, Hyderabad", 35.75 L,"1,444 ",2475 ,New
202,Alekya Infraa Developers,AGENT,Residential Plot,"Sadashivpet, Hyderabad", 25.35 L,"1,444 ",1755 ,New
203,Alekya Infraa Developers,AGENT,Residential Plot,"Sadashivpet, Hyderabad", 24.7 L,"1,444 ",1710 ,New
204,G square Housing,BUILDER,Residential Plot,"Choutuppal, Hyderabad", 48.99 L,"2,039 ",2403 ,New
205,G square Housing,BUILDER,Residential Plot,"Choutuppal, Hyderabad", 97.81 L,"2,039 ",4797 ,New
206,G square Housing,BUILDER,Residential Plot,"Choutuppal, Hyderabad", 48.99 L,"2,039 ",2403 ,New
207,G square Housing,BUILDER,Residential Plot,"Choutuppal, Hyderabad", 97.81 L,"2,039 ",4797 ,New
208,Shree Vasavi Developers,BUILDER,3 BHK Apartment,"Attapur, Hyderabad", 1.11 Cr,"6,899 ",1615 ,Under Construction
209,Shree Vasavi Developers,BUILDER,3 BHK Apartment,"Attapur, Hyderabad", 1.46 Cr,"6,899 ",2120 ,Under Construction
210,Shree Vasavi Developers,BUILDER,3 BHK Apartment,"Attapur, Hyderabad", 1.95 Cr,"6,899 ",2840 ,Under Construction
211,Shree Vasavi Developers,BUILDER,3 BHK Apartment,"Attapur, Hyderabad", 1.86 Cr,"6,899 ",2710 ,Under Construction
212,Shree Vasavi Developers,BUILDER,3 BHK Apartment,"Attapur, Hyderabad", 1.5 Cr,"6,899 ",2180 ,Under Construction
213,Shree Vasavi Developers,BUILDER,3 BHK Apartment,"Attapur, Hyderabad", 1.2 Cr,"6,899 ",1750 ,Under Construction
214,Shree Vasavi Developers,BUILDER,3 BHK Apartment,"Attapur, Hyderabad", 1.55 Cr,"6,899 ",2260 ,Under Construction
215,Shree Vasavi Developers,BUILDER,3 BHK Apartment,"Attapur, Hyderabad", 1.47 Cr,"6,899 ",2135 ,Under Construction
216,Shree Vasavi Developers,BUILDER,3 BHK Apartment,"Attapur, Hyderabad", 96.24 L,"6,899 ",1395 ,Under Construction
217,Vajra Builders And Developers,BUILDER,3 BHK Apartment,"Bowrampet, Hyderabad", 70.35 L,"4,200 ",1675 ,Under Construction
218,Vasavi Group,BUILDER,3 BHK Apartment,"Kukatpally, Hyderabad", 2.26 Cr,"8,000 ",2830 ,Ready to move
219,Vasavi Group,BUILDER,3 BHK Apartment,"Kukatpally, Hyderabad", 1.84 Cr,"8,000 ",2300 ,Ready to move
220,Vasavi Group,BUILDER,3 BHK Apartment,"Kukatpally, Hyderabad", 1.84 Cr,"8,000 ",2300 ,Ready to move
221,Vasavi Group,BUILDER,3 BHK Apartment,"Kukatpally, Hyderabad", 1.42 Cr,"8,000 ",1775 ,Ready to move
222,Vasavi Group,BUILDER,3 BHK Apartment,"Kukatpally, Hyderabad", 1.42 Cr,"8,000 ",1775 ,Ready to move
223,Vasavi Group,BUILDER,3 BHK Apartment,"Kukatpally, Hyderabad", 2.56 Cr,"8,000 ",3205 ,Ready to move
224,Vasavi Group,BUILDER,3 BHK Apartment,"Kukatpally, Hyderabad", 2.56 Cr,"8,000 ",3205 ,Ready to move
225,Vasavi Group,BUILDER,3 BHK Apartment,"Kukatpally, Hyderabad", 1.4 Cr,"8,000 ",1750 ,Ready to move
226,Vasavi Group,BUILDER,3 BHK Apartment,"Kukatpally, Hyderabad", 1.4 Cr,"8,000 ",1750 ,Ready to move
227,Vasavi Group,BUILDER,3 BHK Apartment,"Kukatpally, Hyderabad", 1.56 Cr,"8,000 ",1955 ,Ready to move
228,Vasavi Group,BUILDER,3 BHK Apartment,"Kukatpally, Hyderabad", 1.56 Cr,"8,000 ",1955 ,Ready to move
229,Vasavi Group,BUILDER,3 BHK Apartment,"Kukatpally, Hyderabad", 1.92 Cr,"8,000 ",2405 ,Ready to move
230,Vasavi Group,BUILDER,3 BHK Apartment,"Kukatpally, Hyderabad", 1.92 Cr,"8,000 ",2405 ,Ready to move
231,Vasavi Group,BUILDER,3 BHK Apartment,"Kukatpally, Hyderabad", 1.67 Cr,"8,000 ",2090 ,Ready to move
232,Vasavi Group,BUILDER,3 BHK Apartment,"Kukatpally, Hyderabad", 1.67 Cr,"8,000 ",2090 ,Ready to move
233,Vasavi Group,BUILDER,3 BHK Apartment,"Kukatpally, Hyderabad", 1.68 Cr,"8,000 ",2100 ,Ready to move
234,Vasavi Group,BUILDER,3 BHK Apartment,"Kukatpally, Hyderabad", 1.68 Cr,"8,000 ",2100 ,Ready to move
235,Vasavi Group,BUILDER,3 BHK Apartment,"Kukatpally, Hyderabad", 1.44 Cr,"8,000 ",1810 ,Ready to move
236,Vasavi Group,BUILDER,3 BHK Apartment,"Kukatpally, Hyderabad", 1.44 Cr,"8,000 ",1810 ,Ready to move
237,Vasavi Group,BUILDER,3 BHK Apartment,"Kukatpally, Hyderabad", 2.2 Cr,"8,000 ",2760 ,Ready to move
238,Vasavi Group,BUILDER,3 BHK Apartment,"Kukatpally, Hyderabad", 2.2 Cr,"8,000 ",2760 ,Ready to move
239,Vasavi Group,BUILDER,3 BHK Apartment,"Kukatpally, Hyderabad", 1.55 Cr,"8,000 ",1940 ,Ready to move
240,Vasavi Group,BUILDER,3 BHK Apartment,"Kukatpally, Hyderabad", 1.55 Cr,"8,000 ",1940 ,Ready to move
241,Vasavi Group,BUILDER,3 BHK Apartment,"Kukatpally, Hyderabad", 1.66 Cr,"8,000 ",2075 ,Ready to move
242,Vasavi Group,BUILDER,3 BHK Apartment,"Kukatpally, Hyderabad", 1.66 Cr,"8,000 ",2075 ,Ready to move
243,Alekya Infraa Developers,AGENT,Residential Plot,"Kamkole, Hyderabad", 36 L,"1,777 ",2025 ,New
244,Alekya Infraa Developers,AGENT,Residential Plot,"Sangareddy, Hyderabad", 40.75 L,"2,777 ",1467 ,New
245,Alekya Infraa Developers,AGENT,Residential Plot,"Aroor, Hyderabad", 36 L,"1,777 ",2025 ,New
246,Alekya Infraa Developers,AGENT,Residential Plot,"Aroor, Hyderabad", 26.08 L,"1,777 ",1467 ,New
247,Alekya Infraa Developers,AGENT,Residential Plot,"Sangareddy, Hyderabad", 40.75 L,"2,777 ",1467 ,New
248,Alekya Infraa Developers,AGENT,Residential Plot,"Aroor, Hyderabad", 30.4 L,"1,777 ",1710 ,New
249,Alekya Infraa Developers,AGENT,Residential Plot,"Sadashivpet, Hyderabad", 45.5 L,"1,444 ",3150 ,New
250,Alekya Infraa Developers,AGENT,Residential Plot,"Aroor, Hyderabad", 48 L,"1,777 ",2700 ,New
251,Alekya Infraa Developers,AGENT,Residential Plot,"Aroor, Hyderabad", 31.2 L,"1,777 ",1755 ,New
252,Alekya Infraa Developers,AGENT,Residential Plot,"Aroor, Hyderabad", 28.8 L,"1,777 ",1620 ,New
253,Alekya Infraa Developers,AGENT,Residential Plot,"Sangareddy, Hyderabad", 48.75 L,"2,777 ",1755 ,New
254,Alekya Infraa Developers,AGENT,Residential Plot,"Sangareddy, Hyderabad", 47.5 L,"2,777 ",1710 ,New
255,Alekya Infraa Developers,AGENT,Residential Plot,"Sangareddy, Hyderabad", 46.25 L,"2,777 ",1665 ,New
256,Alekya Infraa Developers,AGENT,Residential Plot,"Sangareddy, Hyderabad", 45 L,"2,777 ",1620 ,New
257,Alekya Infraa Developers,AGENT,Residential Plot,"Sangareddy, Hyderabad", 43.75 L,"2,777 ",1575 ,New
258,Alekya Infraa Developers,AGENT,Residential Plot,"Sangareddy, Hyderabad", 40 L,"2,777 ",1440 ,New
259,Riddhi Group,BUILDER,3 BHK Apartment,"Jeedimetla, Hyderabad", 1.1 Cr,"5,800 ",1910 ,Under Construction
260,Riddhi Group,BUILDER,3 BHK Apartment,"Jeedimetla, Hyderabad", 1.18 Cr,"5,800 ",2040 ,Under Construction
261,Riddhi Group,BUILDER,4 BHK Apartment,"Jeedimetla, Hyderabad", 1.68 Cr,"5,800 ",2910 ,Under Construction
262,Riddhi Group,BUILDER,3 BHK Apartment,"Jeedimetla, Hyderabad", 1.14 Cr,"5,800 ",1980 ,Under Construction
263,Riddhi Group,BUILDER,3 BHK Apartment,"Jeedimetla, Hyderabad", 1.17 Cr,"5,800 ",2030 ,Under Construction
264,Riddhi Group,BUILDER,2 BHK Apartment,"Jeedimetla, Hyderabad", 63.8 L,"5,800 ",1100 ,Under Construction
265,Riddhi Group,BUILDER,3 BHK Apartment,"Jeedimetla, Hyderabad", 1.06 Cr,"5,800 ",1830 ,Under Construction
266,Riddhi Group,BUILDER,2 BHK Apartment,"Jeedimetla, Hyderabad", 71.34 L,"5,800 ",1230 ,Under Construction
267,Riddhi Group,BUILDER,3 BHK Apartment,"Jeedimetla, Hyderabad", 93.09 L,"5,800 ",1605 ,Under Construction
268,Riddhi Group,BUILDER,3 BHK Apartment,"Jeedimetla, Hyderabad", 1.2 Cr,"5,800 ",2080 ,Under Construction
269,Riddhi Group,BUILDER,3 BHK Apartment,"Jeedimetla, Hyderabad", 1.44 Cr,"5,800 ",2495 ,Under Construction
270,Riddhi Group,BUILDER,2 BHK Apartment,"Jeedimetla, Hyderabad", 69.31 L,"5,800 ",1195 ,Under Construction
271,Riddhi Group,BUILDER,4 BHK Apartment,"Jeedimetla, Hyderabad", 1.75 Cr,"5,800 ",3030 ,Under Construction
272,Riddhi Group,BUILDER,3 BHK Apartment,"Jeedimetla, Hyderabad", 1.11 Cr,"5,800 ",1915 ,Under Construction
273,Riddhi Group,BUILDER,3 BHK Apartment,"Jeedimetla, Hyderabad", 1.5 Cr,"5,800 ",2590 ,Under Construction
274,Riddhi Group,BUILDER,4 BHK Apartment,"Jeedimetla, Hyderabad", 1.82 Cr,"5,800 ",3150 ,Under Construction
275,Riddhi Group,BUILDER,3 BHK Apartment,"Jeedimetla, Hyderabad", 1.27 Cr,"5,800 ",2200 ,Under Construction
276,Riddhi Group,BUILDER,2 BHK Apartment,"Jeedimetla, Hyderabad", 65.83 L,"5,800 ",1135 ,Under Construction
277,Riddhi Group,BUILDER,3 BHK Apartment,"Jeedimetla, Hyderabad", 1.08 Cr,"5,800 ",1865 ,Under Construction
278,Riddhi Group,BUILDER,2 BHK Apartment,"Puppalaguda, Hyderabad", 80.95 L,"6,300 ",1285 ,Ready to move
279,Riddhi Group,BUILDER,3 BHK Apartment,"Puppalaguda, Hyderabad", 1.07 Cr,"6,300 ",1700 ,Ready to move
280,Riddhi Group,BUILDER,2 BHK Apartment,"Puppalaguda, Hyderabad", 81.77 L,"6,300 ",1298 ,Ready to move
281,Riddhi Group,BUILDER,3 BHK Apartment,"Puppalaguda, Hyderabad", 1.04 Cr,"6,300 ",1665 ,Ready to move
282,Theme Ambience Infrastructures,BUILDER,3 BHK Apartment,"Attapur, Hyderabad", 1.25 Cr,"6,800 ",1845 ,Under Construction
283,Theme Ambience Infrastructures,BUILDER,3 BHK Apartment,"Attapur, Hyderabad", 1.53 Cr,"6,800 ",2250 ,Under Construction
284,Theme Ambience Infrastructures,BUILDER,3 BHK Apartment,"Attapur, Hyderabad", 1.41 Cr,"6,800 ",2075 ,Under Construction
285,Signature Avenues,BUILDER,3 BHK Apartment,"Kollur, Hyderabad", 93.73 L,"4,999 ",1875 ,Under Construction
286,Signature Avenues,BUILDER,2 BHK Apartment,"Kollur, Hyderabad", 77.48 L,"4,999 ",1550 ,Under Construction
287,Signature Avenues,BUILDER,3 BHK Apartment,"Kollur, Hyderabad", 90.98 L,"4,999 ",1820 ,Under Construction
288,Signature Avenues,BUILDER,2 BHK Apartment,"Kollur, Hyderabad", 70.98 L,"4,999 ",1420 ,Under Construction
289,Signature Avenues,BUILDER,3 BHK Apartment,"Kollur, Hyderabad", 1.09 Cr,"4,999 ",2200 ,Under Construction
290,Signature Avenues,BUILDER,2 BHK Apartment,"Kollur, Hyderabad", 69.98 L,"4,999 ",1400 ,Under Construction
291,Signature Avenues,BUILDER,2 BHK Apartment,"Kollur, Hyderabad", 81.73 L,"4,999 ",1635 ,Under Construction
292,Maaruthi Group,AGENT,2 BHK Apartment,"Pragathi Nagar Kukatpally, Hyderabad", 52 L,"4,727 ",1100 ,Ready to move
293,Maaruthi Group,AGENT,2 BHK Apartment,"Pragathi Nagar Kukatpally, Hyderabad", 55 L,"5,188 ",1060 ,Under Construction
294,Maaruthi Group,AGENT,2 BHK Apartment,"Pragathi Nagar Kukatpally, Hyderabad", 52 L,"4,684 ",1110 ,Under Construction
295,Maaruthi Group,AGENT,2 BHK Apartment,"Pragathi Nagar Kukatpally, Hyderabad", 53 L,"4,774 ",1110 ,Ready to move
296,Maaruthi Group,AGENT,2 BHK Apartment,"Pragathi Nagar Kukatpally, Hyderabad", 53 L,"4,472 ",1185 ,Ready to move
297,Maaruthi Group,AGENT,2 BHK Apartment,"Pragathi Nagar Kukatpally, Hyderabad", 53 L,"4,711 ",1125 ,Under Construction
298,Maaruthi Group,AGENT,2 BHK Apartment,"Pragathi Nagar Kukatpally, Hyderabad", 37 L,"3,700 ",1000 ,Ready to move
299,Maaruthi Group,AGENT,2 BHK Apartment,"Pragathi Nagar Kukatpally, Hyderabad", 53 L,"4,472 ",1185 ,Ready to move
300,Maaruthi Group,AGENT,2 BHK Apartment,"Pragathi Nagar Kukatpally, Hyderabad", 37 L,"3,700 ",1000 ,Ready to move
301,Maaruthi Group,AGENT,2 BHK Apartment,"Pragathi Nagar Kukatpally, Hyderabad", 54 L,"4,518 ",1195 ,Ready to move
302,Maaruthi Group,AGENT,2 BHK Apartment,"Bowrampet, Hyderabad", 37 L,"3,700 ",1000 ,Ready to move
303,Maaruthi Group,AGENT,2 BHK Apartment,"Bowrampet, Hyderabad", 37 L,"3,700 ",1000 ,Ready to move
304,Maaruthi Group,AGENT,2 BHK Apartment,"Bowrampet, Hyderabad", 37 L,"3,700 ",1000 ,Ready to move
305,Maaruthi Group,AGENT,2 BHK Apartment,"Pragathi Nagar Kukatpally, Hyderabad", 52 L,"4,727 ",1100 ,Ready to move
306,Maaruthi Group,AGENT,3 BHK Villa,"Kompally, Hyderabad", 1.55 Cr,"6,141 ",2524 ,Under Construction
307,Maaruthi Group,AGENT,2 BHK Apartment,"Pragathi Nagar Kukatpally, Hyderabad", 53 L,"4,818 ",1100 ,Ready to move
308,Maaruthi Group,AGENT,2 BHK Apartment,"Bachupally, Hyderabad", 44 L,"3,826 ",1150 ,Ready to move
309,Maaruthi Group,AGENT,3 BHK Villa,"Bowrampet, Hyderabad", 1.67 Cr,"7,046 ",2370 ,Ready to move
310,Maaruthi Group,AGENT,2 BHK Apartment,"Pragathi Nagar Kukatpally, Hyderabad", 61 L,"5,398 ",1130 ,Ready to move
311,Maaruthi Group,AGENT,2 BHK Apartment,"Miyapur, Hyderabad", 68 L,"5,913 ",1150 ,Ready to move
312,Maaruthi Group,AGENT,2 BHK Apartment,"Miyapur, Hyderabad", 68.5 L,"5,614 ",1220 ,Ready to move
313,Maaruthi Group,AGENT,2 BHK Apartment,"Pragathi Nagar Kukatpally, Hyderabad", 52 L,"4,727 ",1100 ,Ready to move
314,Maaruthi Group,AGENT,2 BHK Apartment,"Pragathi Nagar Kukatpally, Hyderabad", 53 L,"4,818 ",1100 ,Ready to move
315,Maaruthi Group,AGENT,2 BHK Apartment,"Sultanpur, Hyderabad", 53 L,"4,818 ",1100 ,Ready to move
316,Maaruthi Group,AGENT,2 BHK Apartment,"Pragathi Nagar Kukatpally, Hyderabad", 53 L,"4,774 ",1110 ,Ready to move
317,Maaruthi Group,AGENT,2 BHK Apartment,"Pragathi Nagar Kukatpally, Hyderabad", 57.36 L,"4,800 ",1195 ,Ready to move
318,Maaruthi Group,AGENT,3 BHK Apartment,"Hyder Nagar, Hyderabad", 83 L,"5,203 ",1595 ,Ready to move
319,Maaruthi Group,AGENT,2 BHK Apartment,"Pragathi Nagar Kukatpally, Hyderabad", 73.43 L,"5,605 ",1310 ,Ready to move
320,Maaruthi Group,AGENT,2 BHK Apartment,"Pragathi Nagar Kukatpally, Hyderabad", 58 L,"5,087 ",1140 ,Ready to move
321,Maaruthi Group,AGENT,3 BHK Apartment,"Pragathi Nagar Kukatpally, Hyderabad", 62 L,"4,105 ",1510 ,Ready to move
322,Maaruthi Group,AGENT,2 BHK Apartment,"Pragathi Nagar Kukatpally, Hyderabad", 59 L,"5,175 ",1140 ,Ready to move
323,Maaruthi Group,AGENT,3 BHK Apartment,"Pragathi Nagar Kukatpally, Hyderabad", 70 L,"4,861 ",1440 ,Ready to move
324,Maaruthi Group,AGENT,2 BHK Apartment,"Pragathi Nagar Kukatpally, Hyderabad", 56 L,"5,090 ",1100 ,Ready to move
325,Maaruthi Group,AGENT,2 BHK Apartment,"Pragathi Nagar Kukatpally, Hyderabad", 56 L,"5,045 ",1110 ,Ready to move
326,Maaruthi Group,AGENT,2 BHK Apartment,"Pragathi Nagar Kukatpally, Hyderabad", 57.36 L,"4,800 ",1195 ,Ready to move
327,Maaruthi Group,AGENT,3 BHK Apartment,"Kukatpally, Hyderabad", 1.1 Cr,"5,500 ",2000 ,Ready to move
328,Maaruthi Group,AGENT,2 BHK Apartment,"Kukatpally, Hyderabad", 60.18 L,"5,677 ",1060 ,Ready to move
329,Maaruthi Group,AGENT,2 BHK Apartment,"Nizampet, Hyderabad", 99.4 L,"5,522 ",1800 ,Ready to move
330,Maaruthi Group,AGENT,3 BHK Apartment,"Pragathi Nagar Kukatpally, Hyderabad", 66.5 L,"4,156 ",1600 ,Ready to move
331,Maaruthi Group,AGENT,2 BHK Apartment,"Nizampet, Hyderabad", 62 L,"5,511 ",1125 ,Ready to move
332,Maaruthi Group,AGENT,2 BHK Apartment,"Pragathi Nagar Kukatpally, Hyderabad", 55 L,"4,721 ",1165 ,Ready to move
333,Maaruthi Group,AGENT,2 BHK Apartment,"Pragathi Nagar Kukatpally, Hyderabad", 51 L,"4,250 ",1200 ,Ready to move
334,Maaruthi Group,AGENT,2 BHK Apartment,"Pragathi Nagar Kukatpally, Hyderabad", 58 L,"5,000 ",1160 ,Ready to move
335,Maaruthi Group,AGENT,3 BHK Apartment,"Pragathi Nagar Kukatpally, Hyderabad", 56 L,"3,957 ",1415 ,Ready to move
336,Srija Infra Developers Hyderabad,BUILDER,2 BHK Apartment,"Dammaiguda, Hyderabad", 50.49 L,"4,800 ",1052 ,Under Construction
337,Srija Infra Developers Hyderabad,BUILDER,2 BHK Apartment,"Dammaiguda, Hyderabad", 59.85 L,"4,800 ",1247 ,Under Construction
338,Srija Infra Developers Hyderabad,BUILDER,3 BHK Apartment,"Dammaiguda, Hyderabad", 69.98 L,"4,800 ",1458 ,Under Construction
339,Srija Infra Developers Hyderabad,BUILDER,2 BHK Apartment,"Dammaiguda, Hyderabad", 57.6 L,"4,800 ",1200 ,Under Construction
340,Cyber City Oriana,BUILDER,2 BHK Apartment,"Kukatpally, Hyderabad", 1.2 Cr,"10,344 ",1160 ,Under Construction
341,Primark Projects Pvt Ltd,BUILDER,2 BHK Apartment,"Kompally, Hyderabad", 54.97 L,"4,699 ",1170 ,Under Construction
342,seller,VERIFIED OWNER,3 BHK Apartment,"Uppal, Hyderabad", 80 L,"5,747 ",1392 ,Under Construction
343,seller,VERIFIED OWNER,1 BHK Independent Floor,"Abids, Hyderabad", 40 L,"5,333 ",750 ,Ready to move
344,seller,VERIFIED OWNER,2 BHK Apartment,"Gajularamaram, Hyderabad", 55.48 L,"4,999 ",1110 ,Ready to move
345,seller,VERIFIED OWNER,2 BHK Independent House,"Badangpet, Hyderabad", 87 L,"6,444 ",1350 ,Ready to move
346,seller,VERIFIED OWNER,5 BHK Villa,"Kokapet, Hyderabad", 21.5 Cr,"25,595 ",8400 ,Ready to move
347,seller,VERIFIED OWNER,2 BHK Apartment,"Kollur, Hyderabad", 60 L,"4,761 ",1260 ,Under Construction
348,seller,VERIFIED OWNER,4 BHK Villa,"Kollur, Hyderabad", 1.3 Cr,"2,452 ",5300 ,Under Construction
349,seller,VERIFIED OWNER,3 BHK Apartment,"Serilingampally, Hyderabad", 95 L,"5,989 ",1586 ,Ready to move
350,seller,VERIFIED OWNER,2 BHK Apartment,"Kollur, Hyderabad", 60 L,"4,761 ",1260 ,Under Construction
351,seller,VERIFIED OWNER,3 BHK Apartment,"Nallagandla Gachibowli, Hyderabad", 1.8 Cr,"9,729 ",1850 ,Ready to move
352,seller,VERIFIED OWNER,2 BHK Apartment,"Isnapur, Hyderabad", 31 L,"2,818 ",1100 ,Under Construction
353,seller,VERIFIED OWNER,3 BHK Apartment,"Serilingampally, Hyderabad", 1.55 Cr,"5,849 ",2650 ,Under Construction
354,seller,VERIFIED OWNER,5 BHK Independent House,"Moti Nagar, Hyderabad", 10 Cr,"16,666 ",6000 ,Ready to move
355,seller,VERIFIED OWNER,5 BHK Villa,"Kollur, Hyderabad", 5.3 Cr,"6,235 ",8500 ,Under Construction
356,seller,VERIFIED OWNER,2 BHK Apartment,"Kokapet, Hyderabad", 72 L,"6,635 ",1085 ,Under Construction
357,seller,VERIFIED OWNER,2 BHK Apartment,"Miyapur, Hyderabad", 72 L,"5,925 ",1215 ,Under Construction
358,seller,VERIFIED OWNER,2 BHK Apartment,"Isnapur, Hyderabad", 32 L,"2,990 ",1070 ,Under Construction
359,seller,VERIFIED OWNER,2 BHK Apartment,"Medchal, Hyderabad", 38 L,"3,377 ",1125 ,Under Construction
360,seller,VERIFIED OWNER,3 BHK Apartment,"Qutub Shahi Tombs, Hyderabad", 90 L,"5,338 ",1686 ,Ready to move
361,seller,VERIFIED OWNER,4 BHK Villa,"Mokila, Hyderabad", 3.22 Cr,"8,500 ",3788 ,Ready to move
362,seller,VERIFIED OWNER,3 BHK Apartment,"Kukatpally, Hyderabad", 86 L,"5,460 ",1575 ,Under Construction
363,seller,VERIFIED OWNER,3 BHK Apartment,"Suraram, Hyderabad", 69 L,"4,451 ",1550 ,Under Construction
364,seller,VERIFIED OWNER,3 BHK Apartment,"Kompally, Hyderabad", 96.89 L,"5,489 ",1765 ,Ready to move
365,seller,VERIFIED OWNER,2 BHK Apartment,"Pragathi Nagar Kukatpally, Hyderabad", 55.91 L,"4,699 ",1190 ,Under Construction
366,seller,VERIFIED OWNER,2 BHK Apartment,"Shamirpet, Hyderabad", 38 L,"3,486 ",1090 ,Under Construction
367,seller,VERIFIED OWNER,3 BHK Independent Floor,"Malakpet, Hyderabad", 47 L,"4,351 ",1080 ,Ready to move
368,seller,VERIFIED OWNER,2 BHK Apartment,"Miyapur, Hyderabad", 65 L,"7,080 ",918 ,Under Construction
369,seller,VERIFIED OWNER,2 BHK Apartment,"Isnapur, Hyderabad", 38.5 L,"4,010 ",960 ,Under Construction
370,seller,VERIFIED OWNER,3 BHK Apartment,"Miyapur, Hyderabad", 60 L,"4,000 ",1500 ,Under Construction
371,seller,VERIFIED OWNER,2 BHK Apartment,"Mallampet, Hyderabad", 57 L,"5,000 ",1140 ,Ready to move
372,seller,VERIFIED OWNER,2 BHK Independent House,"Boduppal, Hyderabad", 1.5 Cr,"11,111 ",1350 ,Under Construction
373,seller,VERIFIED OWNER,2 BHK Apartment,"Isnapur, Hyderabad", 38.5 L,"4,010 ",960 ,Under Construction
374,seller,VERIFIED OWNER,3 BHK Apartment,"Alwal, Hyderabad", 81.75 L,"5,000 ",1635 ,Ready to move
375,seller,VERIFIED OWNER,4 BHK Villa,"Manneguda, Hyderabad", 3 Cr,"9,490 ",3161 ,Under Construction
376,seller,VERIFIED OWNER,3 BHK Apartment,"Alwal, Hyderabad", 75 L,"12,500 ",600 ,Ready to move
377,seller,VERIFIED OWNER,4 BHK Villa,"Patancheru, Hyderabad", 75 L,"3,750 ",2000 ,Under Construction
378,seller,VERIFIED OWNER,4 BHK Apartment,"Hitech City, Hyderabad", 2.46 Cr,"9,148 ",2695 ,Ready to move
379,seller,VERIFIED OWNER,3 BHK Independent House,"Alwal, Hyderabad", 1.35 Cr,"6,585 ",2050 ,Ready to move
380,seller,VERIFIED OWNER,3 BHK Independent House,"Alwal, Hyderabad", 1.35 Cr,"6,585 ",2050 ,Ready to move
381,seller,VERIFIED OWNER,2 BHK Apartment,"Manikonda, Hyderabad", 90 L,"6,521 ",1380 ,Under Construction
382,seller,VERIFIED OWNER,10 BHK Independent House,"LB Nagar, Hyderabad", 3.4 Cr,"4,857 ",7000 ,Ready to move
383,seller,VERIFIED OWNER,2 BHK Apartment,"Miyapur, Hyderabad", 61.96 L,"5,099 ",1215 ,Under Construction
384,seller,VERIFIED OWNER,2 BHK Apartment,"Osman Nagar, Hyderabad", 66 L,"6,534 ",1010 ,Under Construction
385,seller,VERIFIED OWNER,2 BHK Apartment,"Pragathi Nagar Kukatpally, Hyderabad", 80 L,"5,517 ",1450 ,Under Construction
386,seller,VERIFIED OWNER,3 BHK Apartment,"Sri Nagar Colony, Hyderabad", 67 L,"4,620 ",1450 ,Ready to move
387,seller,VERIFIED OWNER,2 BHK Apartment,"Velimela, Hyderabad", 28.5 L,"2,500 ",1140 ,Under Construction
388,seller,VERIFIED OWNER,2 BHK Independent House,"Bolarum, Hyderabad", 1.25 Cr,"5,681 ",2200 ,Ready to move
389,seller,VERIFIED OWNER,5 BHK Independent House,"Saroornagar, Hyderabad", 2 Cr,"3,603 ",5550 ,Ready to move
390,seller,VERIFIED OWNER,8 BHK Villa,"Kompally, Hyderabad", 6.25 Cr,"13,034 ",4795 ,Ready to move
391,seller,VERIFIED OWNER,2 BHK Apartment,"B N reddy nagar, Hyderabad", 59.99 L,"3,645 ",1646 ,Ready to move
392,seller,VERIFIED OWNER,4 BHK Independent Floor,"Dammaiguda, Hyderabad", 1.1 Cr,"4,230 ",2600 ,Under Construction
393,seller,VERIFIED OWNER,2 BHK Apartment,"Auto Nagar, Hyderabad", 67 L,"6,090 ",1100 ,Ready to move
394,seller,VERIFIED OWNER,3 BHK Apartment,"Nagole, Hyderabad", 75 L,"5,136 ",1460 ,Ready to move
395,seller,VERIFIED OWNER,2 BHK Apartment,"Isnapur, Hyderabad", 33.59 L,"3,998 ",840 ,Under Construction
396,seller,VERIFIED OWNER,3 BHK Villa,"Patancheru, Hyderabad", 1.27 Cr,"5,291 ",2400 ,Ready to move
397,seller,VERIFIED OWNER,2 BHK Apartment,"Kondapur, Hyderabad", 1.75 Cr,"9,733 ",1798 ,Ready to move
398,seller,VERIFIED OWNER,2 BHK Apartment,"Kondapur, Hyderabad", 1.25 Cr,"9,637 ",1297 ,Ready to move
399,seller,VERIFIED OWNER,2 BHK Independent House,"Borabanda, Hyderabad", 90 L,"9,009 ",999 ,Ready to move
400,seller,VERIFIED OWNER,3 BHK Independent Floor,"Kukatpally, Hyderabad", 85 L,"5,483 ",1550 ,Ready to move
401,seller,VERIFIED OWNER,3 BHK Apartment,"Kondapur, Hyderabad", 2 Cr,"11,111 ",1800 ,Ready to move
402,seller,VERIFIED OWNER,3 BHK Independent House,"Adibatla, Hyderabad", 1.1 Cr,"4,074 ",2700 ,Ready to move
403,seller,VERIFIED OWNER,2 BHK Apartment,"Bandlaguda Jagir, Hyderabad", 75 L,"5,900 ",1271 ,Ready to move
404,seller,VERIFIED OWNER,2 BHK Apartment,"Aminpur, Hyderabad", 44.93 L,"4,300 ",1045 ,Ready to move
405,seller,VERIFIED OWNER,2 BHK Apartment,"Gagillapur, Hyderabad", 42 L,"4,242 ",990 ,Ready to move
406,seller,VERIFIED OWNER,2 BHK Apartment,"Gundlapochampalli, Hyderabad", 50.4 L,"4,344 ",1160 ,Ready to move
407,seller,VERIFIED OWNER,4 BHK Independent House,"Bowenpally, Hyderabad", 6 Cr,"10,909 ",5500 ,Ready to move
408,seller,VERIFIED OWNER,2 BHK Independent House,"Krishna Reddy Pet, Hyderabad", 96 L,"7,680 ",1250 ,Ready to move
409,seller,VERIFIED OWNER,2 BHK Apartment,"Kondapur, Hyderabad", 1.62 Cr,"7,883 ",2055 ,Under Construction
410,seller,VERIFIED OWNER,3 BHK Apartment,"Gandipet, Hyderabad", 96.7 L,"5,596 ",1728 ,Under Construction
411,seller,VERIFIED OWNER,2 BHK Apartment,"Kukatpally, Hyderabad", 53 L,"4,862 ",1090 ,Ready to move
412,seller,VERIFIED OWNER,5 BHK Villa,"Serilingampally, Hyderabad", 14.98 Cr,"23,046 ",6500 ,Ready to move
413,seller,VERIFIED OWNER,2 BHK Apartment,"Kompally, Hyderabad", 49.5 L,"4,714 ",1050 ,Ready to move
414,seller,VERIFIED OWNER,3 BHK Apartment,"Kompally, Hyderabad", 1.01 Cr,"5,880 ",1726 ,Ready to move
415,seller,VERIFIED OWNER,2 BHK Apartment,"Bolarum, Hyderabad", 63 L,"5,502 ",1145 ,Ready to move
416,seller,VERIFIED OWNER,3 BHK Apartment,"Kondapur, Hyderabad", 92 L,"6,258 ",1470 ,Ready to move
417,seller,VERIFIED OWNER,4 BHK Villa,"Kapra, Hyderabad", 1.9 Cr,"5,937 ",3200 ,Ready to move
418,seller,VERIFIED OWNER,2 BHK Apartment,"Kondapur, Hyderabad", 78 L,"6,500 ",1200 ,Ready to move
419,seller,VERIFIED OWNER,3 BHK Apartment,"Narsingi, Hyderabad", 1.35 Cr,"8,437 ",1600 ,Ready to move
420,seller,VERIFIED OWNER,2 BHK Apartment,"Appa Junction Peerancheru, Hyderabad", 90 L,"7,092 ",1269 ,Ready to move
421,seller,VERIFIED OWNER,4 BHK Villa,"Velimela, Hyderabad", 2.3 Cr,"5,989 ",3840 ,Under Construction
422,seller,VERIFIED OWNER,2 BHK Apartment,"Kothapet, Hyderabad", 37 L,"3,810 ",971 ,Ready to move
423,seller,VERIFIED OWNER,3 BHK Apartment,"Nallagandla Gachibowli, Hyderabad", 95 L,"6,597 ",1440 ,Ready to move
424,seller,VERIFIED OWNER,2 BHK Independent House,"Laxmiguda, Hyderabad", 55 L,"6,875 ",800 ,Ready to move
425,seller,VERIFIED OWNER,2 BHK Apartment,"Kollur, Hyderabad", 36 L,"3,000 ",1200 ,Under Construction
426,seller,VERIFIED OWNER,2 BHK Apartment,"Nacharam, Hyderabad", 55.7 L,"4,554 ",1223 ,Under Construction
427,seller,VERIFIED OWNER,3 BHK Apartment,"Attapur, Hyderabad", 1.01 Cr,"6,234 ",1620 ,Ready to move
428,seller,VERIFIED OWNER,2 BHK Independent House,"muthangi, Hyderabad", 68 L,"5,151 ",1320 ,Under Construction
429,seller,VERIFIED OWNER,2 BHK Apartment,"Thumkunta, Hyderabad", 40 L,"4,744 ",843 ,Ready to move
430,seller,VERIFIED OWNER,2 BHK Apartment,"Ramachandra Puram, Hyderabad", 31 L,"3,875 ",800 ,Ready to move
431,seller,VERIFIED OWNER,4 BHK Apartment,"Mehdipatnam, Hyderabad", 48 L,"4,800 ",1000 ,Ready to move
432,seller,VERIFIED OWNER,2 BHK Apartment,"Madhapur, Hyderabad", 92 L,"8,000 ",1150 ,Ready to move
433,seller,VERIFIED OWNER,2 BHK Apartment,"Manikonda, Hyderabad", 55 L,"4,074 ",1350 ,Under Construction
434,seller,VERIFIED OWNER,2 BHK Apartment,"Bachupally, Hyderabad", 89 L,"6,357 ",1400 ,Under Construction
435,Hallmark Builders,BUILDER,4 BHK Apartment,"Gandipet, Hyderabad", 4.06 Cr,"7,999 ",5080 ,Under Construction
436,Hallmark Builders,BUILDER,4 BHK Apartment,"Gandipet, Hyderabad", 4.06 Cr,"7,999 ",5080 ,Under Construction
437,Hallmark Builders,BUILDER,3 BHK Apartment,"Gandipet, Hyderabad", 1.63 Cr,"7,999 ",2040 ,Under Construction
438,Hallmark Builders,BUILDER,3 BHK Apartment,"Gandipet, Hyderabad", 1.63 Cr,"7,999 ",2040 ,Under Construction
439,Hallmark Builders,BUILDER,4 BHK Apartment,"Gandipet, Hyderabad", 3.26 Cr,"7,999 ",4080 ,Under Construction
440,Hallmark Builders,BUILDER,4 BHK Apartment,"Gandipet, Hyderabad", 3.26 Cr,"7,999 ",4080 ,Under Construction
441,Hallmark Builders,BUILDER,4 BHK Apartment,"Gandipet, Hyderabad", 4.06 Cr,"7,999 ",5080 ,Under Construction
442,Hallmark Builders,BUILDER,4 BHK Apartment,"Gandipet, Hyderabad", 4.06 Cr,"7,999 ",5080 ,Under Construction
443,Hallmark Builders,BUILDER,3 BHK Apartment,"Gandipet, Hyderabad", 1.63 Cr,"7,999 ",2040 ,Under Construction
444,Hallmark Builders,BUILDER,3 BHK Apartment,"Gandipet, Hyderabad", 1.63 Cr,"7,999 ",2040 ,Under Construction
445,Hallmark Builders,BUILDER,4 BHK Apartment,"Gandipet, Hyderabad", 3.26 Cr,"7,999 ",4080 ,Under Construction
446,Hallmark Builders,BUILDER,4 BHK Apartment,"Gandipet, Hyderabad", 3.26 Cr,"7,999 ",4080 ,Under Construction
447,Hallmark Builders,BUILDER,3 BHK Apartment,"Gandipet, Hyderabad", 1.91 Cr,"7,999 ",2400 ,Under Construction
448,Hallmark Builders,BUILDER,3 BHK Apartment,"Gandipet, Hyderabad", 1.91 Cr,"7,999 ",2400 ,Under Construction
449,Hallmark Builders,BUILDER,4 BHK Apartment,"Gandipet, Hyderabad", 2.67 Cr,"7,999 ",3342 ,Under Construction
450,Hallmark Builders,BUILDER,4 BHK Apartment,"Gandipet, Hyderabad", 2.67 Cr,"7,999 ",3342 ,Under Construction
451,Hallmark Builders,BUILDER,3 BHK Apartment,"Gandipet, Hyderabad", 2.03 Cr,"7,999 ",2540 ,Under Construction
452,Hallmark Builders,BUILDER,3 BHK Apartment,"Gandipet, Hyderabad", 2.03 Cr,"7,999 ",2540 ,Under Construction
453,Hallmark Builders,BUILDER,3 BHK Apartment,"Gandipet, Hyderabad", 1.41 Cr,"7,999 ",1765 ,Under Construction
454,Hallmark Builders,BUILDER,3 BHK Apartment,"Gandipet, Hyderabad", 1.41 Cr,"7,999 ",1765 ,Under Construction
455,Hallmark Builders,BUILDER,3 BHK Apartment,"Gandipet, Hyderabad", 1.51 Cr,"7,999 ",1895 ,Under Construction
456,Hallmark Builders,BUILDER,3 BHK Apartment,"Gandipet, Hyderabad", 1.51 Cr,"7,999 ",1895 ,Under Construction
457,seller,VERIFIED OWNER,2 BHK Apartment,"Pragathi Nagar Kukatpally, Hyderabad", 54 L,"4,500 ",1200 ,Ready to move
458,seller,VERIFIED OWNER,2 BHK Apartment,"Kukatpally, Hyderabad", 56 L,"5,000 ",1120 ,Ready to move
459,seller,VERIFIED OWNER,4 BHK Independent House,"Krishna Reddy Pet, Hyderabad", 93 L,"6,888 ",1350 ,Under Construction
460,seller,VERIFIED OWNER,3 BHK Villa,"Bongloor, Hyderabad", 1.39 Cr,"6,318 ",2200 ,Under Construction
461,seller,VERIFIED OWNER,2 BHK Apartment,"Bachupally, Hyderabad", 68 L,"5,643 ",1205 ,Under Construction
462,seller,VERIFIED OWNER,3 BHK Villa,"Patancheru, Hyderabad", 1.26 Cr,"7,730 ",1630 ,Under Construction
463,seller,VERIFIED OWNER,2 BHK Apartment,"Happy Homes Colony, Hyderabad", 62 L,"4,952 ",1252 ,Ready to move
464,seller,VERIFIED OWNER,6 BHK Independent House,"Alwal, Hyderabad", 1.75 Cr,"4,069 ",4300 ,Ready to move
465,seller,VERIFIED OWNER,2 BHK Apartment,"Kapra, Hyderabad", 65.4 L,"5,495 ",1190 ,Ready to move
466,seller,VERIFIED OWNER,3 BHK Apartment,"Kukatpally, Hyderabad", 1.08 Cr,"7,200 ",1500 ,Ready to move
467,GSR Group,BUILDER,3 BHK Apartment,"Kollur, Hyderabad", 91.84 L,"3,499 ",2625 ,Under Construction
468,GSR Group,BUILDER,2 BHK Apartment,"Kollur, Hyderabad", 41.46 L,"3,499 ",1185 ,Under Construction
469,GSR Group,BUILDER,3 BHK Apartment,"Kollur, Hyderabad", 54.23 L,"3,499 ",1550 ,Under Construction
470,GSR Group,BUILDER,2 BHK Apartment,"Kollur, Hyderabad", 36.73 L,"3,499 ",1050 ,Under Construction
471,GSR Group,BUILDER,3 BHK Apartment,"Kollur, Hyderabad", 62.28 L,"3,499 ",1780 ,Under Construction
472,GSR Group,BUILDER,2 BHK Apartment,"Kollur, Hyderabad", 45.48 L,"3,499 ",1300 ,Under Construction
473,seller,VERIFIED OWNER,2 BHK Apartment,"Bachupally, Hyderabad", 62.08 L,"4,900 ",1267 ,Ready to move
474,seller,VERIFIED OWNER,2 BHK Apartment,"Pragathi Nagar Kukatpally, Hyderabad", 58 L,"4,833 ",1200 ,Under Construction
475,seller,VERIFIED OWNER,3 BHK Apartment,"Kapra, Hyderabad", 68 L,"4,506 ",1509 ,Ready to move
476,seller,VERIFIED OWNER,2 BHK Apartment,"Malkajgiri, Hyderabad", 64 L,"5,925 ",1080 ,Ready to move
477,seller,VERIFIED OWNER,6 BHK Independent House,"Kushaiguda, Hyderabad", 2.5 Cr,"7,142 ",3500 ,Ready to move
478,seller,VERIFIED OWNER,3 BHK Independent House,"Balapur, Hyderabad", 42.5 L,"4,250 ",1000 ,Ready to move
479,seller,VERIFIED OWNER,2 BHK Apartment,"Kukatpally, Hyderabad", 84 L,"5,793 ",1450 ,Ready to move
